,clusters_n,clusters_out,leaves,avg_cl_size,lrgst_cl_size,noise_size,silhouette
0,2,2,3043,1521.5,2926,0,0.47533563075751306
1,5,5,3043,608.6,1456,0,0.05861508545563654
2,10,10,3043,304.3,780,0,0.10796231184206515
3,15,15,3043,202.86666666666667,482,0,0.08624659405619456
